CODICE;NOME PRODOTTO;URL
solgroupIT_X17001;Cronos.162;Technical.sheet__CRONOS.162__IT.pdf
solgroupIT_17001;Cronos.162;Technical.sheet__CRONOS.162__IT.pdf
solgroupIT_X17006;Cronos.183;Technical.sheet__CRONOS.183__IT.pdf
solgroupIT_17006;Cronos.183;Technical.sheet__CRONOS.183__IT.pdf
solgroupIT_X17009;Cronos.203;Technical.sheet__CRONOS.203__IT.pdf
solgroupIT_17009;Cronos.203;Technical.sheet__CRONOS.203__IT.pdf
solgroupIT_X17005;Cronos.400;Technical.sheet__CRONOS.400__IT.pdf
solgroupIT_17005;Cronos.400;Technical.sheet__CRONOS.400__IT.pdf
solgroupIT_X17049;Inoxa.202HF;Technical.sheet__INOXA.202.HF__IT.pdf
solgroupIT_17049;Inoxa.202HF;Technical.sheet__INOXA.202.HF__IT.pdf
solgroupIT_X1704Y;Inoxa.203HFP;Technical.sheet__INOXA.203.HFP__IT.pdf
solgroupIT_1704Y;Inoxa.203HFP;Technical.sheet__INOXA.203.HFP__IT.pdf
solgroupIT_X1701A;Inoxa270HFP;Technical.sheet__INOXA.270.HFP__IT.pdf
solgroupIT_1701A;Inoxa270HFP;Technical.sheet__INOXA.270.HFP__IT.pdf
solgroupIT_X1705G;Alux.202;Technical.sheet__ALUX.202.AC-DC__IT.pdf
solgroupIT_1705G;Alux.202;Technical.sheet__ALUX.202.AC-DC__IT.pdf
solgroupIT_X1705M;Alux.301;Technical.sheet__ALUX.301.AC-DC__IT.pdf
solgroupIT_1705M;Alux.301;Technical.sheet__ALUX.301.AC-DC__IT.pdf
solgroupIT_X1705Q;Alux.501;Technical.sheet__ALUX.501.AC-DC__IT.pdf
solgroupIT_1705Q;Alux.501;Technical.sheet__ALUX.501.AC-DC__IT.pdf
solgroupIT_X1708D;Futura.2005-2505;Technical.sheet__FUTURA.2005-2505.C__IT.pdf
solgroupIT_1708D;Futura.2005-2505;Technical.sheet__FUTURA.2005-2505.C__IT.pdf
solgroupIT_X17025;Plus.355CW;Technical.sheet__PLUS.355.CW__IT.pdf
solgroupIT_17025;Plus.355CW;Technical.sheet__PLUS.355.CW__IT.pdf
solgroupIT_X17030;PlasmaWeld.82HFP;Technical.sheet__PLASMA.WELD.82.HFP__IT.pdf
solgroupIT_17030;PlasmaWeld.82HFP;Technical.sheet__PLASMA.WELD.82.HFP__IT.pdf
solgroupIT_X17030;PlasmaCut.45PFC;Technical.sheet__PLASMA.CUT.45.PFC__IT.pdf
solgroupIT_17030;PlasmaCut.45PFC;Technical.sheet__PLASMA.CUT.45.PFC__IT.pdf
solgroupIT_X17030;PlasmaCut.105;Technical.sheet__PLASMA.CUT.105__IT.pdf
solgroupIT_17030;PlasmaCut.105;Technical.sheet__PLASMA.CUT.105__IT.pdf
solgroupIT_X17030;PlasmaCut.165;Technical.sheet__PLASMA.CUT.165__IT.pdf
solgroupIT_17030;PlasmaCut.165;Technical.sheet__PLASMA.CUT.165__IT.pdf
solgroupIT_X1705G;Repair Manual__ALUX 202 AC-DC__REV_00.pdf;Repair Manual__ALUX 202 AC-DC__REV_00.pdf
solgroupIT_1705G;Repair Manual__ALUX 202 AC-DC__REV_00.pdf;Repair Manual__ALUX 202 AC-DC__REV_00.pdf
solgroupIT_X1705M;Repair Manual__ALUX 301 AC-DC__REV_00.pdf;Repair Manual__ALUX 301 AC-DC__REV_00.pdf
solgroupIT_1705M;Repair Manual__ALUX 301 AC-DC__REV_00.pdf;Repair Manual__ALUX 301 AC-DC__REV_00.pdf
solgroupIT_X17001;Repair manual__CRONOS 162-183-203__INOXA 202 HF__INOXA 203 HFP__REV_00.pdf;Repair manual__CRONOS 162-183-203__INOXA 202 HF__INOXA 203 HFP__REV_00.pdf
solgroupIT_17001;Repair manual__CRONOS 162-183-203__INOXA 202 HF__INOXA 203 HFP__REV_00.pdf;Repair manual__CRONOS 162-183-203__INOXA 202 HF__INOXA 203 HFP__REV_00.pdf
solgroupIT_X17006;Repair manual__CRONOS 162-183-203__INOXA 202 HF__INOXA 203 HFP__REV_00.pdf;Repair manual__CRONOS 162-183-203__INOXA 202 HF__INOXA 203 HFP__REV_00.pdf
solgroupIT_17006;Repair manual__CRONOS 162-183-203__INOXA 202 HF__INOXA 203 HFP__REV_00.pdf;Repair manual__CRONOS 162-183-203__INOXA 202 HF__INOXA 203 HFP__REV_00.pdf
solgroupIT_X17009;Repair manual__CRONOS 162-183-203__INOXA 202 HF__INOXA 203 HFP__REV_00.pdf;Repair manual__CRONOS 162-183-203__INOXA 202 HF__INOXA 203 HFP__REV_00.pdf
solgroupIT_17009;Repair manual__CRONOS 162-183-203__INOXA 202 HF__INOXA 203 HFP__REV_00.pdf;Repair manual__CRONOS 162-183-203__INOXA 202 HF__INOXA 203 HFP__REV_00.pdf
solgroupIT_X17049;Repair manual__CRONOS 162-183-203__INOXA 202 HF__INOXA 203 HFP__REV_00.pdf;Repair manual__CRONOS 162-183-203__INOXA 202 HF__INOXA 203 HFP__REV_00.pdf
solgroupIT_17049;Repair manual__CRONOS 162-183-203__INOXA 202 HF__INOXA 203 HFP__REV_00.pdf;Repair manual__CRONOS 162-183-203__INOXA 202 HF__INOXA 203 HFP__REV_00.pdf
solgroupIT_X1704Y;Repair manual__CRONOS 162-183-203__INOXA 202 HF__INOXA 203 HFP__REV_00.pdf;Repair manual__CRONOS 162-183-203__INOXA 202 HF__INOXA 203 HFP__REV_00.pdf
solgroupIT_1704Y;Repair manual__CRONOS 162-183-203__INOXA 202 HF__INOXA 203 HFP__REV_00.pdf;Repair manual__CRONOS 162-183-203__INOXA 202 HF__INOXA 203 HFP__REV_00.pdf
solgroupIT_X1708D;Repair manual__FUTURA 2005 C__FUTURA 2505 C__FUTURA 3505 C__REV_00.pdf;Repair manual__FUTURA 2005 C__FUTURA 2505 C__FUTURA 3505 C__REV_00.pdf
solgroupIT_1708D;Repair manual__FUTURA 2005 C__FUTURA 2505 C__FUTURA 3505 C__REV_00.pdf;Repair manual__FUTURA 2005 C__FUTURA 2505 C__FUTURA 3505 C__REV_00.pdf
solgroupIT_X1708G;Repair manual__FUTURA 2005 C__FUTURA 2505 C__FUTURA 3505 C__REV_00.pdf;Repair manual__FUTURA 2005 C__FUTURA 2505 C__FUTURA 3505 C__REV_00.pdf
solgroupIT_1708G;Repair manual__FUTURA 2005 C__FUTURA 2505 C__FUTURA 3505 C__REV_00.pdf;Repair manual__FUTURA 2005 C__FUTURA 2505 C__FUTURA 3505 C__REV_00.pdf
solgroupIT_X17056;Repair manual__INOXA 405 HFP W__REV_00.pdf;Repair manual__INOXA 405 HFP W__REV_00.pdf
solgroupIT_17056;Repair manual__INOXA 405 HFP W__REV_00.pdf;Repair manual__INOXA 405 HFP W__REV_00.pdf
solgroupIT_X1707Q;Repair Manual__PLASMA CUT 45 PFC__REV_00.pdf;Repair Manual__PLASMA CUT 45 PFC__REV_00.pdf
solgroupIT_1707Q;Repair Manual__PLASMA CUT 45 PFC__REV_00.pdf;Repair Manual__PLASMA CUT 45 PFC__REV_00.pdf
solgroupIT_X1707W;Repair manual__PLASMA CUT 105__REV_00.pdf;Repair manual__PLASMA CUT 105__REV_00.pdf
solgroupIT_1707W;Repair manual__PLASMA CUT 105__REV_00.pdf;Repair manual__PLASMA CUT 105__REV_00.pdf
solgroupIT_X1707Z;Repair Manual__PLASMA CUT 165__REV_00.pdf;Repair Manual__PLASMA CUT 165__REV_00.pdf
solgroupIT_1707Z;Repair Manual__PLASMA CUT 165__REV_00.pdf;Repair Manual__PLASMA CUT 165__REV_00.pdf
solgroupIT_X17025;Troubleshooting PLUS 355 CW - PLUS 355 SW - PLUS 505 SW__REV_01.pdf;Troubleshooting PLUS 355 CW - PLUS 355 SW - PLUS 505 SW__REV_01.pdf
solgroupIT_17025;Troubleshooting PLUS 355 CW - PLUS 355 SW - PLUS 505 SW__REV_01.pdf;Troubleshooting PLUS 355 CW - PLUS 355 SW - PLUS 505 SW__REV_01.pdf
solgroupIT_X1705G;Alux 202;Manual__ALUX 202 AC-DC__03.pdf
solgroupIT_1705G;Alux 202;Manual__ALUX 202 AC-DC__03.pdf
solgroupIT_X1705M;Alux 301;Manual__ALUX 301 AC-DC__02.pdf
solgroupIT_1705M;Alux 301;Manual__ALUX 301 AC-DC__02.pdf
solgroupIT_X1705Q;Alux 501;Manual__ALUX 501 AC-DC__02.pdf
solgroupIT_1705Q;Alux 501;Manual__ALUX 501 AC-DC__02.pdf
solgroupIT_X17001;Cronos 162;Manual__CRONOS 162__01.pdf
solgroupIT_17001;Cronos 162;Manual__CRONOS 162__01.pdf
solgroupIT_X17006;Cronos 183;Manual__CRONOS 183__01.pdf
solgroupIT_17006;Cronos 183;Manual__CRONOS 183__01.pdf
solgroupIT_X17009;Cronos 203;Manual__CRONOS 203__01.pdf
solgroupIT_17009;Cronos 203;Manual__CRONOS 203__01.pdf
solgroupIT_X17005;Cronos 400;Manual__CRONOS 400__01.pdf
solgroupIT_17005;Cronos 400;Manual__CRONOS 400__01.pdf
solgroupIT_X17049;Inoxa 202;Manual__INOXA 202 HF__02.pdf
solgroupIT_17049;Inoxa 202;Manual__INOXA 202 HF__02.pdf
solgroupIT_X1704Y;Inoxa 203;Manual__INOXA 203 HFP__02.pdf
solgroupIT_1704Y;Inoxa 203;Manual__INOXA 203 HFP__02.pdf
solgroupIT_X1708D;Futura 2005;Manual__FUTURA 2005-2505 C__02.pdf
solgroupIT_1708D;Futura 2005;Manual__FUTURA 2005-2505 C__02.pdf
solgroupIT_X1708G;Futura 3505;Manual__FUTURA 3505 C__01.pdf
solgroupIT_1708G;Futura 3505;Manual__FUTURA 3505 C__01.pdf
solgroupIT_X17056;Inoxa 405;Manual__INOXA 405 HFP__01.pdf
solgroupIT_17056;Inoxa 405;Manual__INOXA 405 HFP__01.pdf
solgroupIT_X1707Q;PlasmaCut45;Manual__PLASMA CUT 45 PFC__02.pdf
solgroupIT_1707Q;PlasmaCut45;Manual__PLASMA CUT 45 PFC__02.pdf
solgroupIT_X1707W;PlasmaCut105;Manual__PLASMA CUT 105__01.pdf
solgroupIT_1707W;PlasmaCut105;Manual__PLASMA CUT 105__01.pdf
solgroupIT_X1707Z;PlasmaCut165;Manual__PLASMA CUT 165__02.pdf
solgroupIT_1707Z;PlasmaCut165;Manual__PLASMA CUT 165__02.pdf
solgroupIT_X17025;Plus 355;Manual__PLUS 355 CW__PLUS 355-505 SW__04.pdf
solgroupIT_7025;Plus 355;Manual__PLUS 355 CW__PLUS 355-505 SW__04.pdf
solgroupIT_00007;Acetilene_Bombola___;MSDS_001_SOLIT_IT_11.0.pdf
solgroupIT_00076;Acetilene_Pacco bombole___;MSDS_001_SOLIT_IT_11.0.pdf
solgroupIT_00077;Acetilene_Scarabeo___;MSDS_001_SOLIT_IT_11.0.pdf
solgroupIT_04830;Alisol _00028_Bombola;MSDS_0217A_SOLIT_IT_5.0.pdf
solgroupIT_00830;Alisol_00028_Bombola;MSDS_0217A_SOLIT_IT_5.0.pdf
solgroupIT_00831;Alisol_00028_Pacco bombole;MSDS_0217A_SOLIT_IT_5.0.pdf
solgroupIT_00834;Alisol_00037_Bombola;MSDS_0217B_SOLIT_IT_6.0.pdf
solgroupIT_00835;Alisol_00037_Pacco bombole;MSDS_0217B_SOLIT_IT_6.0.pdf
solgroupIT_00838;Alisol_00127_Bombola;MSDS_215A_SOLIT_IT_4.0.pdf
solgroupIT_04838;Alisol_00127_Bombola;MSDS_215A_SOLIT_IT_4.0.pdf
solgroupIT_00839;Alisol_00127_Pacco bombole;MSDS_215A_SOLIT_IT_4.0.pdf
solgroupIT_00842;Alisol_00145_Bombola;MSDS_215B_SOLIT_IT_4.0.pdf
solgroupIT_01832;Alisol_00280_Pacco bombole;MSDS_1120_SOLIT_IT_2.0.pdf
solgroupIT_00850;Alisol_00343_Bombola;MSDS_215C_SOLIT_IT_4.0.pdf
solgroupIT_00854;Alisol_00352_Bombola;MSDS_216A_SOLIT_IT_3.0.pdf
solgroupIT_00858;Alisol_00370_Bombola;MSDS_211A_SOLIT_IT_3.0.pdf
solgroupIT_04858;Alisol_00370_Bombola;MSDS_211A_SOLIT_IT_3.0.pdf
solgroupIT_00859;Alisol_00370_Pacco bombole;MSDS_211A_SOLIT_IT_3.0.pdf
solgroupIT_00862;Alisol_00433_Bombola;MSDS_215D_SOLIT_IT_4.0.pdf
solgroupIT_00866;Alisol_00460_Bombola;MSDS_211B_SOLIT_IT_3.0.pdf
solgroupIT_00870;Alisol_00550_Bombola;MSDS_211C_SOLIT_IT_4.0.pdf
solgroupIT_04870;Alisol_00550_Bombola;MSDS_211C_SOLIT_IT_4.0.pdf
solgroupIT_00871;Alisol_00550_Pacco bombole;MSDS_211C_SOLIT_IT_4.0.pdf
solgroupIT_00918;Alisol_00550_Plus_Bombola;MSDS_211C_SOLIT_IT_4.0.pdf
solgroupIT_00874;Alisol_00631_Bombola;MSDS_216B_SOLIT_IT_4.0.pdf
solgroupIT_00875;Alisol_00640_Bombola;MSDS_211D_SOLIT_IT_4.0.pdf
solgroupIT_00876;Alisol_00640_Pacco bombole;MSDS_211D_SOLIT_IT_4.0.pdf
solgroupIT_00880;Alisol_00721_Bombola;MSDS_216C_SOLIT_IT_3.0.pdf
solgroupIT_00881;Alisol_00721_Pacco bombole;MSDS_216C_SOLIT_IT_3.0.pdf
solgroupIT_00884;Alisol_00730_Bombola;MSDS_211E_SOLIT_IT_5.0.pdf
solgroupIT_04884;Alisol_00730_Bombola;MSDS_211E_SOLIT_IT_5.0.pdf
solgroupIT_00885;Alisol_00730_Pacco bombole;MSDS_211E_SOLIT_IT_5.0.pdf
solgroupIT_04885;Alisol_00730_Pacco bombole;MSDS_211E_SOLIT_IT_5.0.pdf
solgroupIT_00914;Alisol_00730_Plus_Bombola;MSDS_211E_SOLIT_IT_5.0.pdf
solgroupIT_00915;Alisol_00730_Plus_Pacco bombole;MSDS_211E_SOLIT_IT_5.0.pdf
solgroupIT_00908;Alisol_00730A_Bombola;MSDS_502_SOLIT_IT_2.0.pdf
solgroupIT_00888;Alisol_00820_Bombola;MSDS_211F_SOLIT_IT_5.0.pdf
solgroupIT_04888;Alisol_00820_Bombola;MSDS_211F_SOLIT_IT_5.0.pdf
solgroupIT_00889;Alisol_00820_Pacco bombole;MSDS_211F_SOLIT_IT_5.0.pdf
solgroupIT_00912;Alisol_00820A_Bombola;MSDS_211G_SOLIT_IT_3.0.pdf
solgroupIT_00913;Alisol_00820A_Pacco bombole;MSDS_211G_SOLIT_IT_3.0.pdf
solgroupIT_00892;Alisol_00910_Bombola;MSDS_0263_SOLIT_IT_3.0.pdf
solgroupIT_04892;Alisol_00910_Bombola;MSDS_0263_SOLIT_IT_3.0.pdf
solgroupIT_00893;Alisol_00910_Pacco bombole;MSDS_0263_SOLIT_IT_3.0.pdf
solgroupIT_00907;Alisol_00910A_Bombola;MSDS_211H_SOLIT_IT_2.0.pdf
solgroupIT_00018;Alisol_Anidride_Carbonica_E290_Bombola;MSDS_018D_SOLIT_IT_4.0.pdf
solgroupIT_04018;Alisol_Anidride_Carbonica_E290_Bombola;MSDS_018D_SOLIT_IT_4.0.pdf
solgroupIT_00019;Alisol_Anidride_Carbonica_E290_Pacco bombole;MSDS_018D_SOLIT_IT_4.0.pdf
solgroupIT_04019;Alisol_Anidride_Carbonica_E290_Pacco bombole;MSDS_018D_SOLIT_IT_4.0.pdf
solgroupIT_00101;Alisol_Anidride_Solforosa E220_Bombola;MSDS_113_SOLIT_IT_7.0.pdf
solgroupIT_00433;Alisol_Argon_E938_Bombola;MSDS_003D_SOLIT_IT_1.0.pdf
solgroupIT_04433;Alisol_Argon_E938_Bombola;MSDS_003D_SOLIT_IT_1.0.pdf
solgroupIT_00434;Alisol_Argon_E938_Pacco bombole;MSDS_003D_SOLIT_IT_1.0.pdf
solgroupIT_00038;Alisol_Azoto_E941_Bombola;MSDS_089D_SOLIT_IT_5.0.pdf
solgroupIT_04038;Alisol_Azoto_E941_Bombola;MSDS_089D_SOLIT_IT_5.0.pdf
solgroupIT_00039;Alisol_Azoto_E941_Pacco bombole;MSDS_089D_SOLIT_IT_5.0.pdf
solgroupIT_04039;Alisol_Azoto_E941_Pacco bombole;MSDS_089D_SOLIT_IT_5.0.pdf
solgroupIT_05840;Alisol_NC6415_Bombola;MSDS_589_SOLIT_IT_3.0.pdf
solgroupIT_00894;Alisol_NC9505_Bombola;MSDS_599_SOLIT_IT_2.0.pdf
solgroupIT_00016;Alisol_Ossigeno_E948_Bombola;MSDS_097A_SOLIT_IT_7.0.pdf
solgroupIT_04016;Alisol_Ossigeno_E948_Bombola;MSDS_097A_SOLIT_IT_7.0.pdf
solgroupIT_00017;Alisol_Ossigeno_E948_Pacco bombole;MSDS_097A_SOLIT_IT_7.0.pdf
solgroupIT_00441;Alisol_Protossido_di_Azoto_E942_Bombola;MSDS_093A_SOLIT_IT_8.0.pdf
solgroupIT_04441;Alisol_Protossido_di_Azoto_E942_Bombola;MSDS_093A_SOLIT_IT_8.0.pdf
solgroupIT_04008;Anidride Carbonica Industriale_Bombola___;MSDS_018A_SOLIT_IT_7.0.pdf
solgroupIT_00078;Anidride Carbonica Industriale_Pacco bombole___;MSDS_018A_SOLIT_IT_7.0.pdf
solgroupIT_04078;Anidride Carbonica Industriale_Pacco bombole___;MSDS_018A_SOLIT_IT_7.0.pdf
solgroupIT_00008;Anidride_Carbonica Industriale_Bombola___;MSDS_018A_SOLIT_IT_7.0.pdf
solgroupIT_00015;Anidride_Carbonica_Medicale_Bombola;MSDS_018A_SOLIT_IT_7.0.pdf
solgroupIT_00020;Anidride_Carbonica_Medicale_Bombola;MSDS_018A_SOLIT_IT_7.0.pdf
solgroupIT_00037;Anidride_Carbonica_Medicale_Pacco bombole;MSDS_018A_SOLIT_IT_7.0.pdf
solgroupIT_00003;Argon_Bombola___;MSDS_003A_SOLIT_IT_6.0.pdf
solgroupIT_04003;Argon_Bombola___;MSDS_003A_SOLIT_IT_6.0.pdf
solgroupIT_00066;Argon_Pacco bombole___;MSDS_003A_SOLIT_IT_6.0.pdf
solgroupIT_04066;Argon_Pacco bombole___;MSDS_003A_SOLIT_IT_6.0.pdf
solgroupIT_01676;Aria_Medicale_Bombola;MSDS_000A_SOLIT_IT_7.0.pdf
solgroupIT_01665;Aria_Sintetica_Bombola;MSDS_000A_SOLIT_IT_7.0.pdf
solgroupIT_01666;Aria_Sintetica_Bombola;MSDS_000A_SOLIT_IT_7.0.pdf
solgroupIT_01667;Aria_Sintetica_Bombola;MSDS_000A_SOLIT_IT_7.0.pdf
solgroupIT_01668;Aria_Sintetica_Bombola;MSDS_000A_SOLIT_IT_7.0.pdf
solgroupIT_01669;Aria_Sintetica_Bombola;MSDS_000A_SOLIT_IT_7.0.pdf
solgroupIT_01670;Aria_Sintetica_Bombola;MSDS_000A_SOLIT_IT_7.0.pdf
solgroupIT_01671;Aria_Sintetica_Bombola;MSDS_000A_SOLIT_IT_7.0.pdf
solgroupIT_01672;Aria_Sintetica_Bombola;MSDS_000A_SOLIT_IT_7.0.pdf
solgroupIT_01673;Aria_Sintetica_Pacco bombole;MSDS_000A_SOLIT_IT_7.0.pdf
solgroupIT_01674;Aria_Sintetica_Pacco bombole;MSDS_000A_SOLIT_IT_7.0.pdf
solgroupIT_01675;Aria_Sintetica_Pacco bombole;MSDS_000A_SOLIT_IT_7.0.pdf
solgroupIT_00370;Azoto Laser_Bombola___;MSDS_089A_SOLIT_IT_7.0.pdf
solgroupIT_00061;Azoto Laser_Carro bombolaio___;MSDS_089A_SOLIT_IT_7.0.pdf
solgroupIT_00371;Azoto Laser_Pacco bombole___;MSDS_089A_SOLIT_IT_7.0.pdf
solgroupIT_00144;Azoto_Medicale_Bombola;MSDS_089A_SOLIT_IT_7.0.pdf
solgroupIT_01932;Donopa_Bombola;MSDS_377_SOLIT_IT_5.0.pdf
solgroupIT_01933;Donopa_Bombola;MSDS_377_SOLIT_IT_5.0.pdf
solgroupIT_01937;Donopa_Bombola;MSDS_377_SOLIT_IT_5.0.pdf
solgroupIT_01940;Donopa_Bombola;MSDS_377_SOLIT_IT_5.0.pdf
solgroupIT_01138;Elio Puro_Bombola___;MSDS_061A_SOLIT_IT_6.0.pdf
solgroupIT_01140;Elio Puro_Carro bombolaio___;MSDS_061A_SOLIT_IT_6.0.pdf
solgroupIT_01139;Elio Puro_Pacco bombole___;MSDS_061A_SOLIT_IT_6.0.pdf
solgroupIT_01387;Elio_Medicale_Bombola;MSDS_061A_SOLIT_IT_6.0.pdf
solgroupIT_00620;Enermix 3a_Bombola___;MSDS_0222_SOLIT_IT_2.0.pdf
solgroupIT_00621;Enermix 3a_Pacco bombole___;MSDS_0222_SOLIT_IT_2.0.pdf
solgroupIT_00622;Enermix 3b_Bombola___;MSDS_0223_SOLIT_IT_3.0.pdf
solgroupIT_00623;Enermix 3b_Pacco bombole___;MSDS_0223_SOLIT_IT_3.0.pdf
solgroupIT_00624;Enermix 3c_Bombola___;MSDS_0225_SOLIT_IT_2.0.pdf
solgroupIT_00625;Enermix 3c_Pacco bombole___;MSDS_0225_SOLIT_IT_2.0.pdf
solgroupIT_00626;Enermix 3d_Bombola___;MSDS_0224_SOLIT_IT_2.0.pdf
solgroupIT_00627;Enermix 3d_Pacco bombole___;MSDS_0224_SOLIT_IT_2.0.pdf
solgroupIT_00614;Enermix 3e_Bombola___;MSDS_0261_SOLIT_IT_3.0.pdf
solgroupIT_00615;Enermix 3e_Pacco bombole___;MSDS_0261_SOLIT_IT_3.0.pdf
solgroupIT_00676;Enermix 4Ta_Bombola___;MSDS_0250a_SOLIT_IT_1.0.pdf
solgroupIT_00640;Enermix 4Tb_Bombola___;MSDS_0236a_SOLIT_IT_1.0.pdf
solgroupIT_00628;Enermix BS2_Bombola___;MSDS_0226_SOLIT_IT_3.0.pdf
solgroupIT_00629;Enermix BS2_Pacco bombole___;MSDS_0226_SOLIT_IT_3.0.pdf
solgroupIT_00146;Enermix C10_Bombola___;MSDS_0206_SOLIT_IT_2.0.pdf
solgroupIT_04146;Enermix C10_Bombola___;MSDS_0206_SOLIT_IT_2.0.pdf
solgroupIT_00147;Enermix C10_Pacco bombole___;MSDS_0206_SOLIT_IT_2.0.pdf
solgroupIT_04147;Enermix C10_Pacco bombole___;MSDS_0206_SOLIT_IT_2.0.pdf
solgroupIT_00616;Enermix C12_Bombola___;MSDS_395_SOLIT_IT_2.0.pdf
solgroupIT_00194;Enermix C13_Bombola___;MSDS_501_SOLIT_IT_2.0.pdf
solgroupIT_00148;Enermix C15_Bombola___;MSDS_0207_SOLIT_IT_3.0.pdf
solgroupIT_04148;Enermix C15_Bombola___;MSDS_0207_SOLIT_IT_3.0.pdf
solgroupIT_00149;Enermix C15_Pacco bombole___;MSDS_0207_SOLIT_IT_3.0.pdf
solgroupIT_04149;Enermix C15_Pacco bombole___;MSDS_0207_SOLIT_IT_3.0.pdf
solgroupIT_00142;Enermix C18_Bombola___;MSDS_0208_SOLIT_IT_3.0.pdf
solgroupIT_04142;Enermix C18_Bombola___;MSDS_0208_SOLIT_IT_3.0.pdf
solgroupIT_00143;Enermix C18_Pacco bombole___;MSDS_0208_SOLIT_IT_3.0.pdf
solgroupIT_04143;Enermix C18_Pacco bombole___;MSDS_0208_SOLIT_IT_3.0.pdf
solgroupIT_00654;Enermix C2_Bombola___;MSDS_378_SOLIT_IT_2.0.pdf
solgroupIT_04654;Enermix C2_Bombola___;MSDS_378_SOLIT_IT_2.0.pdf
solgroupIT_00655;Enermix C2_Pacco bombole___;MSDS_378_SOLIT_IT_2.0.pdf
solgroupIT_04655;Enermix C2_Pacco bombole___;MSDS_378_SOLIT_IT_2.0.pdf
solgroupIT_00004;Enermix C20_Bombola___;MSDS_0200_SOLIT_IT_5.0.pdf
solgroupIT_04004;Enermix C20_Bombola___;MSDS_0200_SOLIT_IT_5.0.pdf
solgroupIT_00068;Enermix C20_Pacco bombole___;MSDS_0200_SOLIT_IT_5.0.pdf
solgroupIT_04068;Enermix C20_Pacco bombole___;MSDS_0200_SOLIT_IT_5.0.pdf
solgroupIT_00138;Enermix C25_Bombola___;MSDS_0209_SOLIT_IT_3.0.pdf
solgroupIT_04138;Enermix C25_Bombola___;MSDS_0209_SOLIT_IT_3.0.pdf
solgroupIT_00139;Enermix C25_Pacco bombole___;MSDS_0209_SOLIT_IT_3.0.pdf
solgroupIT_00136;Enermix C3_Bombola___;MSDS_0203_SOLIT_IT_3.0.pdf
solgroupIT_04136;Enermix C3_Bombola___;MSDS_0203_SOLIT_IT_3.0.pdf
solgroupIT_00137;Enermix C3_Pacco bombole___;MSDS_0203_SOLIT_IT_3.0.pdf
solgroupIT_04137;Enermix C3_Pacco bombole___;MSDS_0203_SOLIT_IT_3.0.pdf
solgroupIT_00670;Enermix C8_Bombola___;MSDS_379_SOLIT_IT_1.0.pdf
solgroupIT_04670;Enermix C8_Bombola___;MSDS_379_SOLIT_IT_1.0.pdf
solgroupIT_00671;Enermix C8_Pacco bombole___;MSDS_379_SOLIT_IT_1.0.pdf
solgroupIT_04671;Enermix C8_Pacco bombole___;MSDS_379_SOLIT_IT_1.0.pdf
solgroupIT_00664;Enermix CX031_Bombola___;MSDS_0246a_SOLIT_IT_1.0.pdf
solgroupIT_00665;Enermix CX031_Pacco bombole___;MSDS_0246a_SOLIT_IT_1.0.pdf
solgroupIT_00674;Enermix CX035_Bombola___;MSDS_0249a_SOLIT_IT_1.0.pdf
solgroupIT_00675;Enermix CX035_Pacco bombole___;MSDS_0249a_SOLIT_IT_1.0.pdf
solgroupIT_00666;Enermix CX051_Bombola___;MSDS_0247a_SOLIT_IT_1.0.pdf
solgroupIT_00667;Enermix CX051_Pacco bombole___;MSDS_0247a_SOLIT_IT_1.0.pdf
solgroupIT_00680;Enermix CX066_Bombola___;MSDS_0239a_SOLIT_IT_1.0.pdf
solgroupIT_00681;Enermix CX066_Pacco bombole___;MSDS_0239a_SOLIT_IT_1.0.pdf
solgroupIT_00601;Enermix CX073_Bombola___;MSDS_1131a_SOLIT_IT_1.0.pdf
solgroupIT_00602;Enermix CX073_Pacco bombole___;MSDS_1131a_SOLIT_IT_1.0.pdf
solgroupIT_00682;Enermix CX132_Bombola___;MSDS_240a_SOLIT_IT_2.0.pdf
solgroupIT_04682;Enermix CX132_Bombola___;MSDS_240a_SOLIT_IT_2.0.pdf
solgroupIT_00683;Enermix CX132_Pacco bombole___;MSDS_240a_SOLIT_IT_2.0.pdf
solgroupIT_00005;Enermix CX155_Bombola___;MSDS_0201a_SOLIT_IT_2.0.pdf
solgroupIT_04005;Enermix CX155_Bombola___;MSDS_0201a_SOLIT_IT_2.0.pdf
solgroupIT_00069;Enermix CX155_Pacco bombole___;MSDS_0201a_SOLIT_IT_2.0.pdf
solgroupIT_00684;Enermix CX182_Bombola___;MSDS_241a_SOLIT_IT_1.0.pdf
solgroupIT_00685;Enermix CX182_Pacco bombole___;MSDS_241a_SOLIT_IT_1.0.pdf
solgroupIT_00129;Enermix CX355_Pacco bombole___;MSDS_0202a_SOLIT_IT_1.0.pdf
solgroupIT_00692;Enermix E10_Bombola___;MSDS_558_SOLIT_IT_2.0.pdf
solgroupIT_00693;Enermix E10_Pacco bombole___;MSDS_558_SOLIT_IT_2.0.pdf
solgroupIT_00695;Enermix E25_Pacco bombole___;MSDS_1010_SOLIT_IT_2.0.pdf
solgroupIT_00263;Enermix H10_Bombola___;MSDS_0216_SOLIT_IT_3.0.pdf
solgroupIT_00266;Enermix H10_Pacco bombole___;MSDS_0216_SOLIT_IT_3.0.pdf
solgroupIT_00644;Enermix H1C_Bombola___;MSDS_0237a_SOLIT_IT_1.0.pdf
solgroupIT_00260;Enermix H2_Bombola___;MSDS_0213_SOLIT_IT_3.0.pdf
solgroupIT_04260;Enermix H2_Bombola___;MSDS_0213_SOLIT_IT_3.0.pdf
solgroupIT_00261;Enermix H2_Pacco bombole___;MSDS_0213_SOLIT_IT_3.0.pdf
solgroupIT_00158;Enermix H20_Bombola___;MSDS_0218_SOLIT_IT_3.0.pdf
solgroupIT_04158;Enermix H20_Bombola___;MSDS_0218_SOLIT_IT_3.0.pdf
solgroupIT_00167;Enermix H25_Bombola___;MSDS_0219_SOLIT_IT_3.0.pdf
solgroupIT_00268;Enermix H35_Bombola___;MSDS_0221_SOLIT_IT_3.0.pdf
solgroupIT_04268;Enermix H35_Bombola___;MSDS_0221_SOLIT_IT_3.0.pdf
solgroupIT_00269;Enermix H35_Pacco bombole___;MSDS_0221_SOLIT_IT_3.0.pdf
solgroupIT_00155;Enermix H5_Bombola___;MSDS_0214_SOLIT_IT_3.0.pdf
solgroupIT_04155;Enermix H5_Bombola___;MSDS_0214_SOLIT_IT_3.0.pdf
solgroupIT_00159;Enermix H5_Pacco bombole___;MSDS_0214_SOLIT_IT_3.0.pdf
solgroupIT_00156;Enermix H7_Bombola___;MSDS_0215_SOLIT_IT_3.0.pdf
solgroupIT_00175;Enermix H7_Pacco bombole___;MSDS_0215_SOLIT_IT_3.0.pdf
solgroupIT_00650;Enermix HSa_Bombola___;MSDS_0243a_SOLIT_IT_1.0.pdf
solgroupIT_00651;Enermix HSa_Pacco bombole___;MSDS_0243a_SOLIT_IT_1.0.pdf
solgroupIT_00652;Enermix HSb_Bombola___;MSDS_0262a_SOLIT_IT_1.0.pdf
solgroupIT_00690;Enermix HSh_Bombola___;MSDS_0235a_SOLIT_IT_1.0.pdf
solgroupIT_00691;Enermix HSh_Pacco bombole___;MSDS_0235a_SOLIT_IT_1.0.pdf
solgroupIT_00688;Enermix NE230_Bombola___;MSDS_572a_SOLIT_IT_1.0.pdf
solgroupIT_00686;Enermix NE310_Bombola___;MSDS_0242a_SOLIT_IT_1.0.pdf
solgroupIT_00239;Enermix NH10_Bombola___;MSDS_0230_SOLIT_IT_4.0.pdf
solgroupIT_04239;Enermix NH10_Bombola___;MSDS_0230_SOLIT_IT_4.0.pdf
solgroupIT_00240;Enermix NH10_Pacco bombole___;MSDS_0230_SOLIT_IT_4.0.pdf
solgroupIT_00221;Enermix NH20_Bombola___;MSDS_0232_SOLIT_IT_4.0.pdf
solgroupIT_04335;Enermix NH25_Bombola___;MSDS_0252_SOLIT_IT_3.0.pdf
solgroupIT_00241;Enermix NH5_Bombola___;MSDS_0228_SOLIT_IT_7.0.pdf
solgroupIT_04241;Enermix NH5_Bombola___;MSDS_0228_SOLIT_IT_7.0.pdf
solgroupIT_00242;Enermix NH5_Pacco bombole___;MSDS_0228_SOLIT_IT_7.0.pdf
solgroupIT_00233;Enermix NH50_Bombola___;MSDS_0234_SOLIT_IT_3.0.pdf
solgroupIT_00234;Enermix NH50_Pacco bombole___;MSDS_0234_SOLIT_IT_3.0.pdf
solgroupIT_00295;Enermix NH7_Bombola___;MSDS_0229_SOLIT_IT_3.0.pdf
solgroupIT_00151;Enermix OX1_Bombola___;MSDS_0210_SOLIT_IT_3.0.pdf
solgroupIT_00152;Enermix OX2_Bombola___;MSDS_0211_SOLIT_IT_4.0.pdf
solgroupIT_04152;Enermix OX2_Bombola___;MSDS_0211_SOLIT_IT_4.0.pdf
solgroupIT_00171;Enermix OX2_Pacco bombole___;MSDS_0211_SOLIT_IT_4.0.pdf
solgroupIT_00153;Enermix OX3_Bombola___;MSDS_0212_SOLIT_IT_3.0.pdf
solgroupIT_00172;Enermix OX3_Pacco bombole___;MSDS_0212_SOLIT_IT_3.0.pdf
solgroupIT_01878;Enermix OX5_Bombola___;MSDS_1130_SOLIT_IT_2.0.pdf
solgroupIT_01879;Enermix OX5_Pacco bombole___;MSDS_1130_SOLIT_IT_2.0.pdf
solgroupIT_00659;EnermixC4_Bombola___;MSDS_0204_SOLIT_IT_3.0.pdf
solgroupIT_04659;EnermixC4_Bombola___;MSDS_0204_SOLIT_IT_3.0.pdf
solgroupIT_04642;EnermixC4_Pacco bombole___;MSDS_0204_SOLIT_IT_3.0.pdf
solgroupIT_00140;EnermixC5_Bombola___;MSDS_0205_SOLIT_IT_3.0.pdf
solgroupIT_04140;EnermixC5_Bombola___;MSDS_0205_SOLIT_IT_3.0.pdf
solgroupIT_00141;EnermixC5_Pacco bombole___;MSDS_0205_SOLIT_IT_3.0.pdf
solgroupIT_00098;GPL_Bidoni<20kg___;MSDS_260_SOLIT_IT_7.0.pdf
solgroupIT_00099;GPL_Bidoni>20kg___;MSDS_260_SOLIT_IT_7.0.pdf
solgroupIT_00006;Idrogeno_Bombola___;MSDS_067A_SOLIT_IT_6.0.pdf
solgroupIT_00070;Idrogeno_Pacco bombole___;MSDS_067A_SOLIT_IT_6.0.pdf
solgroupIT_00113;Idrogeno_Scarabeo___;MSDS_067A_SOLIT_IT_6.0.pdf
solgroupIT_00506;LaserSOL 1_Bombola___;MSDS_290A_SOLIT_IT_4.0.pdf
solgroupIT_04506;LaserSOL 1_Bombola___;MSDS_290A_SOLIT_IT_4.0.pdf
solgroupIT_00507;LaserSOL 2_Bombola___;MSDS_290B_SOLIT_IT_4.0.pdf
solgroupIT_04507;LaserSOL 2_Bombola___;MSDS_290B_SOLIT_IT_4.0.pdf
solgroupIT_00251;LaserSOL 3_Bombola___;MSDS_290C_SOLIT_IT_4.0.pdf
solgroupIT_04251;LaserSOL 3_Bombola___;MSDS_290C_SOLIT_IT_4.0.pdf
solgroupIT_01375;LaserSOL 4_Bombola___;MSDS_290D_SOLIT_IT_4.0.pdf
solgroupIT_05375;LaserSOL 4_Bombola___;MSDS_290D_SOLIT_IT_4.0.pdf
solgroupIT_00255;LaserSOL 4_Pacco Bombole___;MSDS_290D_SOLIT_IT_4.0.pdf
solgroupIT_00231;LaserSOL 5_Bombola___;MSDS_290E_SOLIT_IT_4.0.pdf
solgroupIT_04231;LaserSOL 5_Bombola___;MSDS_290E_SOLIT_IT_4.0.pdf
solgroupIT_00252;LaserSOL 6_Bombola___;MSDS_291_SOLIT_IT_4.0.pdf
solgroupIT_01377;LaserSOL 7_Bombola___;MSDS_335_SOLIT_IT_2.0.pdf
solgroupIT_01379;LaserSOL 8_Bombola___;MSDS_584_SOLIT_IT_2.0.pdf
solgroupIT_05379;LaserSOL 8_Bombola___;MSDS_584_SOLIT_IT_2.0.pdf
solgroupIT_01380;LaserSOL 9_Bombola___;MSDS_600_SOLIT_IT_3.0.pdf
solgroupIT_00089;MAPP_Bidoni___;MSDS_334_SOLIT_IT_4.0.pdf
solgroupIT_00090;MAPP_Bomboloni___;MSDS_334_SOLIT_IT_4.0.pdf
solgroupIT_00191;MAPP_Sfuso___;MSDS_334_SOLIT_IT_4.0.pdf
solgroupIT_00293;Monossido_di_Azoto_Medicale_Bombola;MSDS_088A_SOLIT_IT_2.0.pdf
solgroupIT_00002;Nitrogen_Bombola___;MSDS_089A_SOLIT_IT_7.0.pdf
solgroupIT_04002;Nitrogen_Bombola___;MSDS_089A_SOLIT_IT_7.0.pdf
solgroupIT_00060;Nitrogen_Carro bombolaio___;MSDS_089A_SOLIT_IT_7.0.pdf
solgroupIT_00059;Nitrogen_Pacco bombole___;MSDS_089A_SOLIT_IT_7.0.pdf
solgroupIT_04059;Nitrogen_Pacco bombole___;MSDS_089A_SOLIT_IT_7.0.pdf
solgroupIT_00350;Ossigeno Laser_Bombola___;MSDS_097A_SOLIT_IT_7.0.pdf
solgroupIT_00351;Ossigeno Laser_Pacco bombole___;MSDS_097A_SOLIT_IT_7.0.pdf
solgroupIT_00333;Ossigeno_Compresso_Avio_Bombola;MSDS_097A_SOLIT_IT_7.0.pdf
solgroupIT_01950;Ossigeno_Sol_Medicale_Bombola;MSDS_097A_SOLIT_IT_7.0.pdf
solgroupIT_01951;Ossigeno_Sol_Medicale_Bombola;MSDS_097A_SOLIT_IT_7.0.pdf
solgroupIT_01952;Ossigeno_Sol_Medicale_Bombola;MSDS_097A_SOLIT_IT_7.0.pdf
solgroupIT_01953;Ossigeno_Sol_Medicale_Bombola;MSDS_097A_SOLIT_IT_7.0.pdf
solgroupIT_01954;Ossigeno_Sol_Medicale_Bombola;MSDS_097A_SOLIT_IT_7.0.pdf
solgroupIT_01955;Ossigeno_Sol_Medicale_Bombola;MSDS_097A_SOLIT_IT_7.0.pdf
solgroupIT_01956;Ossigeno_Sol_Medicale_Bombola;MSDS_097A_SOLIT_IT_7.0.pdf
solgroupIT_01957;Ossigeno_Sol_Medicale_Bombola;MSDS_097A_SOLIT_IT_7.0.pdf
solgroupIT_01958;Ossigeno_Sol_Medicale_Bombola;MSDS_097A_SOLIT_IT_7.0.pdf
solgroupIT_01959;Ossigeno_Sol_Medicale_Bombola;MSDS_097A_SOLIT_IT_7.0.pdf
solgroupIT_01960;Ossigeno_Sol_Medicale_Bombola;MSDS_097A_SOLIT_IT_7.0.pdf
solgroupIT_01961;Ossigeno_Sol_Medicale_Bombola;MSDS_097A_SOLIT_IT_7.0.pdf
solgroupIT_01962;Ossigeno_Sol_Medicale_Bombola;MSDS_097A_SOLIT_IT_7.0.pdf
solgroupIT_01963;Ossigeno_Sol_Medicale_Bombola;MSDS_097A_SOLIT_IT_7.0.pdf
solgroupIT_01964;Ossigeno_Sol_Medicale_Bombola;MSDS_097A_SOLIT_IT_7.0.pdf
solgroupIT_01965;Ossigeno_Sol_Medicale_Bombola;MSDS_097A_SOLIT_IT_7.0.pdf
solgroupIT_01966;Ossigeno_Sol_Medicale_Bombola;MSDS_097A_SOLIT_IT_7.0.pdf
solgroupIT_01967;Ossigeno_Sol_Medicale_Bombola;MSDS_097A_SOLIT_IT_7.0.pdf
solgroupIT_01968;Ossigeno_Sol_Medicale_Bombola;MSDS_097A_SOLIT_IT_7.0.pdf
solgroupIT_01973;Ossigeno_Sol_Medicale_Bombola;MSDS_097A_SOLIT_IT_7.0.pdf
solgroupIT_01974;Ossigeno_Sol_Medicale_Bombola;MSDS_097A_SOLIT_IT_7.0.pdf
solgroupIT_01975;Ossigeno_Sol_Medicale_Bombola;MSDS_097A_SOLIT_IT_7.0.pdf
solgroupIT_01976;Ossigeno_Sol_Medicale_Bombola;MSDS_097A_SOLIT_IT_7.0.pdf
solgroupIT_01978;Ossigeno_Sol_Medicale_Bombola;MSDS_097A_SOLIT_IT_7.0.pdf
solgroupIT_01979;Ossigeno_Sol_Medicale_Bombola;MSDS_097A_SOLIT_IT_7.0.pdf
solgroupIT_01969;Ossigeno_Sol_Medicale_Pacco bombole;MSDS_097A_SOLIT_IT_7.0.pdf
solgroupIT_01970;Ossigeno_Sol_Medicale_Pacco bombole;MSDS_097A_SOLIT_IT_7.0.pdf
solgroupIT_01971;Ossigeno_Sol_Medicale_Pacco bombole;MSDS_097A_SOLIT_IT_7.0.pdf
solgroupIT_01972;Ossigeno_Sol_Medicale_Pacco bombole;MSDS_097A_SOLIT_IT_7.0.pdf
solgroupIT_00001;Oxygen_Bombola___;MSDS_097A_SOLIT_IT_7.0.pdf
solgroupIT_04001;Oxygen_Bombola___;MSDS_097A_SOLIT_IT_7.0.pdf
solgroupIT_00051;Oxygen_Pacco bombole___;MSDS_097A_SOLIT_IT_7.0.pdf
solgroupIT_04051;Oxygen_Pacco bombole___;MSDS_097A_SOLIT_IT_7.0.pdf
solgroupIT_00114;Propilene_Bidoni___;MSDS_105_SOLIT_IT_6.0.pdf
solgroupIT_01851;Protossido_di_Azoto_Medicale_Bombola;MSDS_093A_SOLIT_IT_8.0.pdf
solgroupIT_01852;Protossido_di_Azoto_Medicale_Bombola;MSDS_093A_SOLIT_IT_8.0.pdf
solgroupIT_01853;Protossido_di_Azoto_Medicale_Bombola;MSDS_093A_SOLIT_IT_8.0.pdf
solgroupIT_01854;Protossido_di_Azoto_Medicale_Bombola;MSDS_093A_SOLIT_IT_8.0.pdf
solgroupIT_01855;Protossido_di_Azoto_Medicale_Bombola;MSDS_093A_SOLIT_IT_8.0.pdf
solgroupIT_01856;Protossido_di_Azoto_Medicale_Bombola;MSDS_093A_SOLIT_IT_8.0.pdf
solgroupIT_01857;Protossido_di_Azoto_Medicale_Bombola;MSDS_093A_SOLIT_IT_8.0.pdf
solgroupIT_01858;Protossido_di_Azoto_Medicale_Pacchi bombole;MSDS_093A_SOLIT_IT_8.0.pdf
solgroupIT_00131;Pure Argon_Bombola___;MSDS_003A_SOLIT_IT_6.0.pdf
solgroupIT_04131;Pure Argon_Bombola___;MSDS_003A_SOLIT_IT_6.0.pdf
solgroupIT_00132;Pure Argon_Pacco bombole___;MSDS_003A_SOLIT_IT_6.0.pdf
solgroupIT_04132;Pure Argon_Pacco bombole___;MSDS_003A_SOLIT_IT_6.0.pdf
solgroupIT_00064;Pure Nitrogen_Bombola___;MSDS_089A_SOLIT_IT_7.0.pdf
solgroupIT_04064;Pure Nitrogen_Bombola___;MSDS_089A_SOLIT_IT_7.0.pdf
solgroupIT_00065;Pure Nitrogen_Pacco bombole___;MSDS_089A_SOLIT_IT_7.0.pdf
solgroupIT_04065;Pure Nitrogen_Pacco bombole___;MSDS_089A_SOLIT_IT_7.0.pdf
solgroupIT_00355;Pure Oxygen_Bombola___;MSDS_097A_SOLIT_IT_7.0.pdf
solgroupIT_04355;Pure Oxygen_Bombola___;MSDS_097A_SOLIT_IT_7.0.pdf
solgroupIT_00356;Pure Oxygen_Pacco bombole___;MSDS_097A_SOLIT_IT_7.0.pdf
solgroupIT_00752;R134A_Bidone;MSDS_133_SOLIT_IT_7.0.pdf
solgroupIT_04752;R134A_Bidone;MSDS_133_SOLIT_IT_7.0.pdf
solgroupIT_00760;R134A_Bombolone;MSDS_133_SOLIT_IT_7.0.pdf
solgroupIT_04760;R134A_Bombolone;MSDS_133_SOLIT_IT_7.0.pdf
solgroupIT_00701;R290_Bidone;MSDS_104x_SOLIT_IT_1.0.pdf
solgroupIT_00703;R290_Bombolone;MSDS_104x_SOLIT_IT_1.0.pdf
solgroupIT_00759;R32_Bidone;MSDS_130_SOLIT_IT_2.0.pdf
solgroupIT_00770;R404A_Bidone;MSDS_135_SOLIT_IT_6.0.pdf
solgroupIT_04770;R404A_Bidone;MSDS_135_SOLIT_IT_6.0.pdf
solgroupIT_00763;R404A_Bombolone;MSDS_135_SOLIT_IT_6.0.pdf
solgroupIT_00757;R404A_Rigenerato_Bidone;MSDS_135R_SOLIT_IT_2.0.pdf
solgroupIT_04757;R404A_Rigenerato_Bidone;MSDS_135R_SOLIT_IT_2.0.pdf
solgroupIT_00772;R407C_Bidone;MSDS_136_SOLIT_IT_5.0.pdf
solgroupIT_04772;R407C_Bidone;MSDS_136_SOLIT_IT_5.0.pdf
solgroupIT_00765;R407C_Bombolone;MSDS_136_SOLIT_IT_5.0.pdf
solgroupIT_00740;R407H_Bidone;MSDS_1154_SOLIT_IT_1.0.pdf
solgroupIT_00741;R407H_Bombolone;MSDS_1154_SOLIT_IT_1.0.pdf
solgroupIT_04741;R407H_Bombolone;MSDS_1154_SOLIT_IT_1.0.pdf
solgroupIT_00782;R410A_Bidone;MSDS_134_SOLIT_IT_7.0.pdf
solgroupIT_04782;R410A_Bidone;MSDS_134_SOLIT_IT_7.0.pdf
solgroupIT_00783;R410A_Bombolone;MSDS_134_SOLIT_IT_7.0.pdf
solgroupIT_00750;R448A_Bidone;MSDS_1144_SOLIT_IT_1.0.pdf
solgroupIT_00746;R449A_Bidone;MSDS_1169_SOLIT_IT_1.0.pdf
solgroupIT_00771;R507_Bidone;MSDS_271_SOLIT_IT_8.0.pdf
solgroupIT_04771;R507_Bidone;MSDS_271_SOLIT_IT_8.0.pdf
solgroupIT_00764;R507_Bombolone;MSDS_271_SOLIT_IT_8.0.pdf
solgroupIT_00753;R507_Rigenerato_Bidone;MSDS_271R_SOLIT_IT_2.0.pdf
solgroupIT_00754;R507_Rigenerato_Bombolone;MSDS_271R_SOLIT_IT_2.0.pdf
solgroupIT_00702;R600A_Bidone;MSDS_075_SOLIT_IT_3.0.pdf
solgroupIT_00083;R717_Bidone;MSDS_002_SOLIT_IT_10.0.pdf
solgroupIT_04083;R717_Bidone;MSDS_002_SOLIT_IT_10.0.pdf
solgroupIT_00085;R717_Bombolone;MSDS_002_SOLIT_IT_10.0.pdf
solgroupIT_04085;R717_Bombolone;MSDS_002_SOLIT_IT_10.0.pdf
solgroupIT_00744;R744_Bidone;MSDS_583_SOLIT_IT_3.0.pdf
solgroupIT_04744;R744_Bidone;MSDS_583_SOLIT_IT_3.0.pdf
solgroupIT_00743;R744_Pacco bombole;MSDS_583_SOLIT_IT_3.0.pdf