CODICE;NOME FILE;PATH
X17001;Technical.sheet__CRONOS.162__IT.pdf;jar:com.solgroup.core.constants.SolgroupCoreConstants&/solgroupinitialdata/import/sampledata/productCatalogs/solgroupITProductCatalog/documents/Technical.sheet__CRONOS.162__IT.pdf
17001;Technical.sheet__CRONOS.162__IT.pdf;jar:com.solgroup.core.constants.SolgroupCoreConstants&/solgroupinitialdata/import/sampledata/productCatalogs/solgroupITProductCatalog/documents/Technical.sheet__CRONOS.162__IT.pdf
X17006;Technical.sheet__CRONOS.183__IT.pdf;jar:com.solgroup.core.constants.SolgroupCoreConstants&/solgroupinitialdata/import/sampledata/productCatalogs/solgroupITProductCatalog/documents/Technical.sheet__CRONOS.183__IT.pdf
17006;Technical.sheet__CRONOS.183__IT.pdf;jar:com.solgroup.core.constants.SolgroupCoreConstants&/solgroupinitialdata/import/sampledata/productCatalogs/solgroupITProductCatalog/documents/Technical.sheet__CRONOS.183__IT.pdf
X17009;Technical.sheet__CRONOS.203__IT.pdf;jar:com.solgroup.core.constants.SolgroupCoreConstants&/solgroupinitialdata/import/sampledata/productCatalogs/solgroupITProductCatalog/documents/Technical.sheet__CRONOS.203__IT.pdf
17009;Technical.sheet__CRONOS.203__IT.pdf;jar:com.solgroup.core.constants.SolgroupCoreConstants&/solgroupinitialdata/import/sampledata/productCatalogs/solgroupITProductCatalog/documents/Technical.sheet__CRONOS.203__IT.pdf
X17005;Technical.sheet__CRONOS.400__IT.pdf;jar:com.solgroup.core.constants.SolgroupCoreConstants&/solgroupinitialdata/import/sampledata/productCatalogs/solgroupITProductCatalog/documents/Technical.sheet__CRONOS.400__IT.pdf
17005;Technical.sheet__CRONOS.400__IT.pdf;jar:com.solgroup.core.constants.SolgroupCoreConstants&/solgroupinitialdata/import/sampledata/productCatalogs/solgroupITProductCatalog/documents/Technical.sheet__CRONOS.400__IT.pdf
X17049;Technical.sheet__INOXA.202.HF__IT.pdf;jar:com.solgroup.core.constants.SolgroupCoreConstants&/solgroupinitialdata/import/sampledata/productCatalogs/solgroupITProductCatalog/documents/Technical.sheet__INOXA.202.HF__IT.pdf
17049;Technical.sheet__INOXA.202.HF__IT.pdf;jar:com.solgroup.core.constants.SolgroupCoreConstants&/solgroupinitialdata/import/sampledata/productCatalogs/solgroupITProductCatalog/documents/Technical.sheet__INOXA.202.HF__IT.pdf
X1704Y;Technical.sheet__INOXA.203.HFP__IT.pdf;jar:com.solgroup.core.constants.SolgroupCoreConstants&/solgroupinitialdata/import/sampledata/productCatalogs/solgroupITProductCatalog/documents/Technical.sheet__INOXA.203.HFP__IT.pdf
1704Y;Technical.sheet__INOXA.203.HFP__IT.pdf;jar:com.solgroup.core.constants.SolgroupCoreConstants&/solgroupinitialdata/import/sampledata/productCatalogs/solgroupITProductCatalog/documents/Technical.sheet__INOXA.203.HFP__IT.pdf
X1701A;Technical.sheet__INOXA.270.HFP__IT.pdf;jar:com.solgroup.core.constants.SolgroupCoreConstants&/solgroupinitialdata/import/sampledata/productCatalogs/solgroupITProductCatalog/documents/Technical.sheet__INOXA.270.HFP__IT.pdf
1701A;Technical.sheet__INOXA.270.HFP__IT.pdf;jar:com.solgroup.core.constants.SolgroupCoreConstants&/solgroupinitialdata/import/sampledata/productCatalogs/solgroupITProductCatalog/documents/Technical.sheet__INOXA.270.HFP__IT.pdf
X1705G;Technical.sheet__ALUX.202.AC-DC__IT.pdf;jar:com.solgroup.core.constants.SolgroupCoreConstants&/solgroupinitialdata/import/sampledata/productCatalogs/solgroupITProductCatalog/documents/Technical.sheet__ALUX.202.AC-DC__IT.pdf
1705G;Technical.sheet__ALUX.202.AC-DC__IT.pdf;jar:com.solgroup.core.constants.SolgroupCoreConstants&/solgroupinitialdata/import/sampledata/productCatalogs/solgroupITProductCatalog/documents/Technical.sheet__ALUX.202.AC-DC__IT.pdf
X1705M;Technical.sheet__ALUX.301.AC-DC__IT.pdf;jar:com.solgroup.core.constants.SolgroupCoreConstants&/solgroupinitialdata/import/sampledata/productCatalogs/solgroupITProductCatalog/documents/Technical.sheet__ALUX.301.AC-DC__IT.pdf
1705M;Technical.sheet__ALUX.301.AC-DC__IT.pdf;jar:com.solgroup.core.constants.SolgroupCoreConstants&/solgroupinitialdata/import/sampledata/productCatalogs/solgroupITProductCatalog/documents/Technical.sheet__ALUX.301.AC-DC__IT.pdf
X1705Q;Technical.sheet__ALUX.501.AC-DC__IT.pdf;jar:com.solgroup.core.constants.SolgroupCoreConstants&/solgroupinitialdata/import/sampledata/productCatalogs/solgroupITProductCatalog/documents/Technical.sheet__ALUX.501.AC-DC__IT.pdf
1705Q;Technical.sheet__ALUX.501.AC-DC__IT.pdf;jar:com.solgroup.core.constants.SolgroupCoreConstants&/solgroupinitialdata/import/sampledata/productCatalogs/solgroupITProductCatalog/documents/Technical.sheet__ALUX.501.AC-DC__IT.pdf
X1708D;Technical.sheet__FUTURA.2005-2505.C__IT.pdf;jar:com.solgroup.core.constants.SolgroupCoreConstants&/solgroupinitialdata/import/sampledata/productCatalogs/solgroupITProductCatalog/documents/Technical.sheet__FUTURA.2005-2505.C__IT.pdf
1708D;Technical.sheet__FUTURA.2005-2505.C__IT.pdf;jar:com.solgroup.core.constants.SolgroupCoreConstants&/solgroupinitialdata/import/sampledata/productCatalogs/solgroupITProductCatalog/documents/Technical.sheet__FUTURA.2005-2505.C__IT.pdf
X17025;Technical.sheet__PLUS.355.CW__IT.pdf;jar:com.solgroup.core.constants.SolgroupCoreConstants&/solgroupinitialdata/import/sampledata/productCatalogs/solgroupITProductCatalog/documents/Technical.sheet__PLUS.355.CW__IT.pdf
17025;Technical.sheet__PLUS.355.CW__IT.pdf;jar:com.solgroup.core.constants.SolgroupCoreConstants&/solgroupinitialdata/import/sampledata/productCatalogs/solgroupITProductCatalog/documents/Technical.sheet__PLUS.355.CW__IT.pdf
X17030;Technical.sheet__PLASMA.WELD.82.HFP__IT.pdf;jar:com.solgroup.core.constants.SolgroupCoreConstants&/solgroupinitialdata/import/sampledata/productCatalogs/solgroupITProductCatalog/documents/Technical.sheet__PLASMA.WELD.82.HFP__IT.pdf
17030;Technical.sheet__PLASMA.WELD.82.HFP__IT.pdf;jar:com.solgroup.core.constants.SolgroupCoreConstants&/solgroupinitialdata/import/sampledata/productCatalogs/solgroupITProductCatalog/documents/Technical.sheet__PLASMA.WELD.82.HFP__IT.pdf
X17030;Technical.sheet__PLASMA.CUT.45.PFC__IT.pdf;jar:com.solgroup.core.constants.SolgroupCoreConstants&/solgroupinitialdata/import/sampledata/productCatalogs/solgroupITProductCatalog/documents/Technical.sheet__PLASMA.CUT.45.PFC__IT.pdf
17030;Technical.sheet__PLASMA.CUT.45.PFC__IT.pdf;jar:com.solgroup.core.constants.SolgroupCoreConstants&/solgroupinitialdata/import/sampledata/productCatalogs/solgroupITProductCatalog/documents/Technical.sheet__PLASMA.CUT.45.PFC__IT.pdf
X17030;Technical.sheet__PLASMA.CUT.105__IT.pdf;jar:com.solgroup.core.constants.SolgroupCoreConstants&/solgroupinitialdata/import/sampledata/productCatalogs/solgroupITProductCatalog/documents/Technical.sheet__PLASMA.CUT.105__IT.pdf
17030;Technical.sheet__PLASMA.CUT.105__IT.pdf;jar:com.solgroup.core.constants.SolgroupCoreConstants&/solgroupinitialdata/import/sampledata/productCatalogs/solgroupITProductCatalog/documents/Technical.sheet__PLASMA.CUT.105__IT.pdf
X17030;Technical.sheet__PLASMA.CUT.165__IT.pdf;jar:com.solgroup.core.constants.SolgroupCoreConstants&/solgroupinitialdata/import/sampledata/productCatalogs/solgroupITProductCatalog/documents/Technical.sheet__PLASMA.CUT.165__IT.pdf
17030;Technical.sheet__PLASMA.CUT.165__IT.pdf;jar:com.solgroup.core.constants.SolgroupCoreConstants&/solgroupinitialdata/import/sampledata/productCatalogs/solgroupITProductCatalog/documents/Technical.sheet__PLASMA.CUT.165__IT.pdf
X1705G;Repair Manual__ALUX 202 AC-DC__REV_00.pdf;jar:com.solgroup.core.constants.SolgroupCoreConstants&/solgroupinitialdata/import/sampledata/productCatalogs/solgroupITProductCatalog/documents/Repair Manual__ALUX 202 AC-DC__REV_00.pdf
1705G;Repair Manual__ALUX 202 AC-DC__REV_00.pdf;jar:com.solgroup.core.constants.SolgroupCoreConstants&/solgroupinitialdata/import/sampledata/productCatalogs/solgroupITProductCatalog/documents/Repair Manual__ALUX 202 AC-DC__REV_00.pdf
X1705M;Repair Manual__ALUX 301 AC-DC__REV_00.pdf;jar:com.solgroup.core.constants.SolgroupCoreConstants&/solgroupinitialdata/import/sampledata/productCatalogs/solgroupITProductCatalog/documents/Repair Manual__ALUX 301 AC-DC__REV_00.pdf
1705M;Repair Manual__ALUX 301 AC-DC__REV_00.pdf;jar:com.solgroup.core.constants.SolgroupCoreConstants&/solgroupinitialdata/import/sampledata/productCatalogs/solgroupITProductCatalog/documents/Repair Manual__ALUX 301 AC-DC__REV_00.pdf
X17001;Repair manual__CRONOS 162-183-203__INOXA 202 HF__INOXA 203 HFP__REV_00.pdf;jar:com.solgroup.core.constants.SolgroupCoreConstants&/solgroupinitialdata/import/sampledata/productCatalogs/solgroupITProductCatalog/documents/Repair manual__CRONOS 162-183-203__INOXA 202 HF__INOXA 203 HFP__REV_00.pdf
17001;Repair manual__CRONOS 162-183-203__INOXA 202 HF__INOXA 203 HFP__REV_00.pdf;jar:com.solgroup.core.constants.SolgroupCoreConstants&/solgroupinitialdata/import/sampledata/productCatalogs/solgroupITProductCatalog/documents/Repair manual__CRONOS 162-183-203__INOXA 202 HF__INOXA 203 HFP__REV_00.pdf
X17006;Repair manual__CRONOS 162-183-203__INOXA 202 HF__INOXA 203 HFP__REV_00.pdf;jar:com.solgroup.core.constants.SolgroupCoreConstants&/solgroupinitialdata/import/sampledata/productCatalogs/solgroupITProductCatalog/documents/Repair manual__CRONOS 162-183-203__INOXA 202 HF__INOXA 203 HFP__REV_00.pdf
17006;Repair manual__CRONOS 162-183-203__INOXA 202 HF__INOXA 203 HFP__REV_00.pdf;jar:com.solgroup.core.constants.SolgroupCoreConstants&/solgroupinitialdata/import/sampledata/productCatalogs/solgroupITProductCatalog/documents/Repair manual__CRONOS 162-183-203__INOXA 202 HF__INOXA 203 HFP__REV_00.pdf
X17009;Repair manual__CRONOS 162-183-203__INOXA 202 HF__INOXA 203 HFP__REV_00.pdf;jar:com.solgroup.core.constants.SolgroupCoreConstants&/solgroupinitialdata/import/sampledata/productCatalogs/solgroupITProductCatalog/documents/Repair manual__CRONOS 162-183-203__INOXA 202 HF__INOXA 203 HFP__REV_00.pdf
17009;Repair manual__CRONOS 162-183-203__INOXA 202 HF__INOXA 203 HFP__REV_00.pdf;jar:com.solgroup.core.constants.SolgroupCoreConstants&/solgroupinitialdata/import/sampledata/productCatalogs/solgroupITProductCatalog/documents/Repair manual__CRONOS 162-183-203__INOXA 202 HF__INOXA 203 HFP__REV_00.pdf
X17049;Repair manual__CRONOS 162-183-203__INOXA 202 HF__INOXA 203 HFP__REV_00.pdf;jar:com.solgroup.core.constants.SolgroupCoreConstants&/solgroupinitialdata/import/sampledata/productCatalogs/solgroupITProductCatalog/documents/Repair manual__CRONOS 162-183-203__INOXA 202 HF__INOXA 203 HFP__REV_00.pdf
17049;Repair manual__CRONOS 162-183-203__INOXA 202 HF__INOXA 203 HFP__REV_00.pdf;jar:com.solgroup.core.constants.SolgroupCoreConstants&/solgroupinitialdata/import/sampledata/productCatalogs/solgroupITProductCatalog/documents/Repair manual__CRONOS 162-183-203__INOXA 202 HF__INOXA 203 HFP__REV_00.pdf
X1704Y;Repair manual__CRONOS 162-183-203__INOXA 202 HF__INOXA 203 HFP__REV_00.pdf;jar:com.solgroup.core.constants.SolgroupCoreConstants&/solgroupinitialdata/import/sampledata/productCatalogs/solgroupITProductCatalog/documents/Repair manual__CRONOS 162-183-203__INOXA 202 HF__INOXA 203 HFP__REV_00.pdf
1704Y;Repair manual__CRONOS 162-183-203__INOXA 202 HF__INOXA 203 HFP__REV_00.pdf;jar:com.solgroup.core.constants.SolgroupCoreConstants&/solgroupinitialdata/import/sampledata/productCatalogs/solgroupITProductCatalog/documents/Repair manual__CRONOS 162-183-203__INOXA 202 HF__INOXA 203 HFP__REV_00.pdf
X1708D;Repair manual__FUTURA 2005 C__FUTURA 2505 C__FUTURA 3505 C__REV_00.pdf;jar:com.solgroup.core.constants.SolgroupCoreConstants&/solgroupinitialdata/import/sampledata/productCatalogs/solgroupITProductCatalog/documents/Repair manual__FUTURA 2005 C__FUTURA 2505 C__FUTURA 3505 C__REV_00.pdf
1708D;Repair manual__FUTURA 2005 C__FUTURA 2505 C__FUTURA 3505 C__REV_00.pdf;jar:com.solgroup.core.constants.SolgroupCoreConstants&/solgroupinitialdata/import/sampledata/productCatalogs/solgroupITProductCatalog/documents/Repair manual__FUTURA 2005 C__FUTURA 2505 C__FUTURA 3505 C__REV_00.pdf
X1708D;Repair manual__FUTURA 2005 C__FUTURA 2505 C__FUTURA 3505 C__REV_00.pdf;jar:com.solgroup.core.constants.SolgroupCoreConstants&/solgroupinitialdata/import/sampledata/productCatalogs/solgroupITProductCatalog/documents/Repair manual__FUTURA 2005 C__FUTURA 2505 C__FUTURA 3505 C__REV_00.pdf
1708D;Repair manual__FUTURA 2005 C__FUTURA 2505 C__FUTURA 3505 C__REV_00.pdf;jar:com.solgroup.core.constants.SolgroupCoreConstants&/solgroupinitialdata/import/sampledata/productCatalogs/solgroupITProductCatalog/documents/Repair manual__FUTURA 2005 C__FUTURA 2505 C__FUTURA 3505 C__REV_00.pdf
X1708G;Repair manual__FUTURA 2005 C__FUTURA 2505 C__FUTURA 3505 C__REV_00.pdf;jar:com.solgroup.core.constants.SolgroupCoreConstants&/solgroupinitialdata/import/sampledata/productCatalogs/solgroupITProductCatalog/documents/Repair manual__FUTURA 2005 C__FUTURA 2505 C__FUTURA 3505 C__REV_00.pdf
1708D;Repair manual__FUTURA 3505 SW__FUTURA 5005 SW__REV_00.pdf;jar:com.solgroup.core.constants.SolgroupCoreConstants&/solgroupinitialdata/import/sampledata/productCatalogs/solgroupITProductCatalog/documents/Technical.sheet__FUTURA.2005-2505.C__IT.pdf
1708D;Repair Manual__FUTURA 1602 C__REV_01.pdf;jar:com.solgroup.core.constants.SolgroupCoreConstants&/solgroupinitialdata/import/sampledata/productCatalogs/solgroupITProductCatalog/documents/Technical.sheet__FUTURA.2005-2505.C__IT.pdf
1708G;Repair manual__FUTURA 2005 C__FUTURA 2505 C__FUTURA 3505 C__REV_00.pdf;jar:com.solgroup.core.constants.SolgroupCoreConstants&/solgroupinitialdata/import/sampledata/productCatalogs/solgroupITProductCatalog/documents/Repair manual__FUTURA 2005 C__FUTURA 2505 C__FUTURA 3505 C__REV_00.pdf
X17056;Repair manual__INOXA 405 HFP W__REV_00.pdf;jar:com.solgroup.core.constants.SolgroupCoreConstants&/solgroupinitialdata/import/sampledata/productCatalogs/solgroupITProductCatalog/documents/Repair manual__INOXA 405 HFP W__REV_00.pdf
17056;Repair manual__INOXA 405 HFP W__REV_00.pdf;jar:com.solgroup.core.constants.SolgroupCoreConstants&/solgroupinitialdata/import/sampledata/productCatalogs/solgroupITProductCatalog/documents/Repair manual__INOXA 405 HFP W__REV_00.pdf
X1707Q;Repair Manual__PLASMA CUT 45 PFC__REV_00.pdf;jar:com.solgroup.core.constants.SolgroupCoreConstants&/solgroupinitialdata/import/sampledata/productCatalogs/solgroupITProductCatalog/documents/Repair Manual__PLASMA CUT 45 PFC__REV_00.pdf
1707Q;Repair Manual__PLASMA CUT 45 PFC__REV_00.pdf;jar:com.solgroup.core.constants.SolgroupCoreConstants&/solgroupinitialdata/import/sampledata/productCatalogs/solgroupITProductCatalog/documents/Repair Manual__PLASMA CUT 45 PFC__REV_00.pdf
X1707W;Repair manual__PLASMA CUT 105__REV_00.pdf;jar:com.solgroup.core.constants.SolgroupCoreConstants&/solgroupinitialdata/import/sampledata/productCatalogs/solgroupITProductCatalog/documents/Repair manual__PLASMA CUT 105__REV_00.pdf
1707W;Repair manual__PLASMA CUT 105__REV_00.pdf;jar:com.solgroup.core.constants.SolgroupCoreConstants&/solgroupinitialdata/import/sampledata/productCatalogs/solgroupITProductCatalog/documents/Repair manual__PLASMA CUT 105__REV_00.pdf
X1707Z;Repair Manual__PLASMA CUT 165__REV_00.pdf;jar:com.solgroup.core.constants.SolgroupCoreConstants&/solgroupinitialdata/import/sampledata/productCatalogs/solgroupITProductCatalog/documents/Repair Manual__PLASMA CUT 165__REV_00.pdf
1707Z;Repair Manual__PLASMA CUT 165__REV_00.pdf;jar:com.solgroup.core.constants.SolgroupCoreConstants&/solgroupinitialdata/import/sampledata/productCatalogs/solgroupITProductCatalog/documents/Repair Manual__PLASMA CUT 165__REV_00.pdf
X17025;Troubleshooting PLUS 355 CW - PLUS 355 SW - PLUS 505 SW__REV_01.pdf;jar:com.solgroup.core.constants.SolgroupCoreConstants&/solgroupinitialdata/import/sampledata/productCatalogs/solgroupITProductCatalog/documents/Troubleshooting PLUS 355 CW - PLUS 355 SW - PLUS 505 SW__REV_01.pdf
17025;Troubleshooting PLUS 355 CW - PLUS 355 SW - PLUS 505 SW__REV_01.pdf;jar:com.solgroup.core.constants.SolgroupCoreConstants&/solgroupinitialdata/import/sampledata/productCatalogs/solgroupITProductCatalog/documents/Troubleshooting PLUS 355 CW - PLUS 355 SW - PLUS 505 SW__REV_01.pdf
X1705G;Manual__ALUX 202 AC-DC__03.pdf;jar:com.solgroup.core.constants.SolgroupCoreConstants&/solgroupinitialdata/import/sampledata/productCatalogs/solgroupITProductCatalog/documents/Manual__ALUX 202 AC-DC__03.pdf
1705G;Manual__ALUX 202 AC-DC__03.pdf;jar:com.solgroup.core.constants.SolgroupCoreConstants&/solgroupinitialdata/import/sampledata/productCatalogs/solgroupITProductCatalog/documents/Manual__ALUX 202 AC-DC__03.pdf
X1705M;Manual__ALUX 301 AC-DC__02.pdf;jar:com.solgroup.core.constants.SolgroupCoreConstants&/solgroupinitialdata/import/sampledata/productCatalogs/solgroupITProductCatalog/documents/Manual__ALUX 301 AC-DC__02.pdf
1705M;Manual__ALUX 301 AC-DC__02.pdf;jar:com.solgroup.core.constants.SolgroupCoreConstants&/solgroupinitialdata/import/sampledata/productCatalogs/solgroupITProductCatalog/documents/Manual__ALUX 301 AC-DC__02.pdf
X1705Q;Manual__ALUX 501 AC-DC__02.pdf;jar:com.solgroup.core.constants.SolgroupCoreConstants&/solgroupinitialdata/import/sampledata/productCatalogs/solgroupITProductCatalog/documents/Manual__ALUX 501 AC-DC__02.pdf
1705Q;Manual__ALUX 501 AC-DC__02.pdf;jar:com.solgroup.core.constants.SolgroupCoreConstants&/solgroupinitialdata/import/sampledata/productCatalogs/solgroupITProductCatalog/documents/Manual__ALUX 501 AC-DC__02.pdf
X17001;Manual__CRONOS 162__01.pdf;jar:com.solgroup.core.constants.SolgroupCoreConstants&/solgroupinitialdata/import/sampledata/productCatalogs/solgroupITProductCatalog/documents/Manual__CRONOS 162__01.pdf
17001;Manual__CRONOS 162__01.pdf;jar:com.solgroup.core.constants.SolgroupCoreConstants&/solgroupinitialdata/import/sampledata/productCatalogs/solgroupITProductCatalog/documents/Manual__CRONOS 162__01.pdf
X17006;Manual__CRONOS 183__01.pdf;jar:com.solgroup.core.constants.SolgroupCoreConstants&/solgroupinitialdata/import/sampledata/productCatalogs/solgroupITProductCatalog/documents/Manual__CRONOS 183__01.pdf
17006;Manual__CRONOS 183__01.pdf;jar:com.solgroup.core.constants.SolgroupCoreConstants&/solgroupinitialdata/import/sampledata/productCatalogs/solgroupITProductCatalog/documents/Manual__CRONOS 183__01.pdf
X17009;Manual__CRONOS 203__01.pdf;jar:com.solgroup.core.constants.SolgroupCoreConstants&/solgroupinitialdata/import/sampledata/productCatalogs/solgroupITProductCatalog/documents/Manual__CRONOS 203__01.pdf
17009;Manual__CRONOS 203__01.pdf;jar:com.solgroup.core.constants.SolgroupCoreConstants&/solgroupinitialdata/import/sampledata/productCatalogs/solgroupITProductCatalog/documents/Manual__CRONOS 203__01.pdf
X17005;Manual__CRONOS 400__01.pdf;jar:com.solgroup.core.constants.SolgroupCoreConstants&/solgroupinitialdata/import/sampledata/productCatalogs/solgroupITProductCatalog/documents/Manual__CRONOS 400__01.pdf
17005;Manual__CRONOS 400__01.pdf;jar:com.solgroup.core.constants.SolgroupCoreConstants&/solgroupinitialdata/import/sampledata/productCatalogs/solgroupITProductCatalog/documents/Manual__CRONOS 400__01.pdf
X17049;Manual__INOXA 202 HF__02.pdf;jar:com.solgroup.core.constants.SolgroupCoreConstants&/solgroupinitialdata/import/sampledata/productCatalogs/solgroupITProductCatalog/documents/Manual__INOXA 202 HF__02.pdf
17049;Manual__INOXA 202 HF__02.pdf;jar:com.solgroup.core.constants.SolgroupCoreConstants&/solgroupinitialdata/import/sampledata/productCatalogs/solgroupITProductCatalog/documents/Manual__INOXA 202 HF__02.pdf
X1704Y;Manual__INOXA 203 HFP__02.pdf;jar:com.solgroup.core.constants.SolgroupCoreConstants&/solgroupinitialdata/import/sampledata/productCatalogs/solgroupITProductCatalog/documents/Manual__INOXA 203 HFP__02.pdf
1704Y;Manual__INOXA 203 HFP__02.pdf;jar:com.solgroup.core.constants.SolgroupCoreConstants&/solgroupinitialdata/import/sampledata/productCatalogs/solgroupITProductCatalog/documents/Manual__INOXA 203 HFP__02.pdf
X1708D;Manual__FUTURA 2005-2505 C__02.pdf;jar:com.solgroup.core.constants.SolgroupCoreConstants&/solgroupinitialdata/import/sampledata/productCatalogs/solgroupITProductCatalog/documents/Manual__FUTURA 2005-2505 C__02.pdf
1708D;Manual__FUTURA 2005-2505 C__02.pdf;jar:com.solgroup.core.constants.SolgroupCoreConstants&/solgroupinitialdata/import/sampledata/productCatalogs/solgroupITProductCatalog/documents/Manual__FUTURA 2005-2505 C__02.pdf
X1708D;Manual__FUTURA 2005-2505 C__02.pdf;jar:com.solgroup.core.constants.SolgroupCoreConstants&/solgroupinitialdata/import/sampledata/productCatalogs/solgroupITProductCatalog/documents/Manual__FUTURA 2005-2505 C__02.pdf
1708D;Manual__FUTURA 2005-2505 C__02.pdf;jar:com.solgroup.core.constants.SolgroupCoreConstants&/solgroupinitialdata/import/sampledata/productCatalogs/solgroupITProductCatalog/documents/Manual__FUTURA 2005-2505 C__02.pdf
X1708G;Manual__FUTURA 3505 C__01.pdf;jar:com.solgroup.core.constants.SolgroupCoreConstants&/solgroupinitialdata/import/sampledata/productCatalogs/solgroupITProductCatalog/documents/Manual__FUTURA 3505 C__01.pdf
1708G;Manual__FUTURA 3505 C__01.pdf;jar:com.solgroup.core.constants.SolgroupCoreConstants&/solgroupinitialdata/import/sampledata/productCatalogs/solgroupITProductCatalog/documents/Manual__FUTURA 3505 C__01.pdf
X17056;Manual__INOXA 405 HFP__01.pdf;jar:com.solgroup.core.constants.SolgroupCoreConstants&/solgroupinitialdata/import/sampledata/productCatalogs/solgroupITProductCatalog/documents/Manual__INOXA 405 HFP__01.pdf
17056;Manual__INOXA 405 HFP__01.pdf;jar:com.solgroup.core.constants.SolgroupCoreConstants&/solgroupinitialdata/import/sampledata/productCatalogs/solgroupITProductCatalog/documents/Manual__INOXA 405 HFP__01.pdf
X1707Q;Manual__PLASMA CUT 45 PFC__02.pdf;jar:com.solgroup.core.constants.SolgroupCoreConstants&/solgroupinitialdata/import/sampledata/productCatalogs/solgroupITProductCatalog/documents/Manual__PLASMA CUT 45 PFC__02.pdf
1707Q;Manual__PLASMA CUT 45 PFC__02.pdf;jar:com.solgroup.core.constants.SolgroupCoreConstants&/solgroupinitialdata/import/sampledata/productCatalogs/solgroupITProductCatalog/documents/Manual__PLASMA CUT 45 PFC__02.pdf
X1707W;Manual__PLASMA CUT 105__01.pdf;jar:com.solgroup.core.constants.SolgroupCoreConstants&/solgroupinitialdata/import/sampledata/productCatalogs/solgroupITProductCatalog/documents/Manual__PLASMA CUT 105__01.pdf
1707W;Manual__PLASMA CUT 105__01.pdf;jar:com.solgroup.core.constants.SolgroupCoreConstants&/solgroupinitialdata/import/sampledata/productCatalogs/solgroupITProductCatalog/documents/Manual__PLASMA CUT 105__01.pdf
X1707Z;Manual__PLASMA CUT 165__02.pdf;jar:com.solgroup.core.constants.SolgroupCoreConstants&/solgroupinitialdata/import/sampledata/productCatalogs/solgroupITProductCatalog/documents/Manual__PLASMA CUT 165__02.pdf
1707Z;Manual__PLASMA CUT 165__02.pdf;jar:com.solgroup.core.constants.SolgroupCoreConstants&/solgroupinitialdata/import/sampledata/productCatalogs/solgroupITProductCatalog/documents/Manual__PLASMA CUT 165__02.pdf
X17025;Manual__PLUS 355 CW__PLUS 355-505 SW__04.pdf;jar:com.solgroup.core.constants.SolgroupCoreConstants&/solgroupinitialdata/import/sampledata/productCatalogs/solgroupITProductCatalog/documents/Manual__PLUS 355 CW__PLUS 355-505 SW__04.pdf
17025;Manual__PLUS 355 CW__PLUS 355-505 SW__04.pdf;jar:com.solgroup.core.constants.SolgroupCoreConstants&/solgroupinitialdata/import/sampledata/productCatalogs/solgroupITProductCatalog/documents/Manual__PLUS 355 CW__PLUS 355-505 SW__04.pdf